{"main":"american-flights-api.raml","name":"American Flights API","classifier":"raml","tags":[],"dependencies":[{"groupId":"68ef9520-24e9-4cf2-b2f5-620025690913","assetId":"training-american-flight-data-type","version":"1.0.1"},{"groupId":"68ef9520-24e9-4cf2-b2f5-620025690913","assetId":"training-american-flights-example","version":"1.0.1"}],"groupId":"a9d9de28-cbd6-4d44-b2b1-7dde342710fd","assetId":"american-flights-api","version":"1.0.1","apiVersion":"v1","originalFormatVersion":"1.0","metadata":{"projectId":"6cbccbef-2d43-4b2e-8ba4-4399c6a639af","branchId":"master","commitId":"721026de15dd04e495cb1d670d2b2eecfb7bc1dc"}}